,Index,Account Balance,Duration of Credit (month),Payment Status of Previous Credit,Purpose, Amount,Value Savings/Stocks,Length of current employment,Instalment per cent,Sex & Marital Status,Guarantors,Duration in Current address,Most valuable available asset,Age (years),Concurrent Credits,Type of apartment,No of Credits at this Bank,Occupation,No of dependents,Telephone,Foreign Worker
0,845,1,18,4,2,1049,1,2,4,2,1,4,2,21,3,1,1,3,1,1,1
1,659,1,9,4,0,2799,1,3,2,3,1,2,1,36,3,1,2,3,2,1,1
3,194,1,12,4,0,2122,1,3,3,3,1,2,1,39,3,1,2,2,2,1,2
4,213,1,12,4,0,2171,1,3,4,3,1,4,2,38,1,2,2,2,1,1,2
5,625,1,10,4,0,2241,1,2,1,3,1,3,1,48,3,1,2,2,2,1,2
6,925,1,8,4,0,3398,1,4,1,3,1,4,1,39,3,2,2,2,1,1,2
7,378,1,6,4,0,1361,1,2,2,3,1,4,1,40,3,2,1,2,2,1,2
8,906,4,18,4,3,1098,1,1,4,2,1,4,3,65,3,2,2,1,1,1,1
9,950,2,24,2,3,3758,3,1,1,2,1,4,4,23,3,1,1,1,1,1,1
10,456,1,11,4,0,3905,1,3,2,3,1,2,1,36,3,1,2,3,2,1,1
11,755,1,30,4,1,6187,2,4,1,4,1,4,3,24,3,1,2,3,1,1,1
12,874,1,6,4,3,1957,1,4,1,2,1,4,3,31,3,2,1,3,1,1,1
13,686,2,48,3,10,7582,2,1,2,3,1,4,4,31,3,2,1,4,1,2,1
14,607,1,18,2,3,1936,5,4,2,4,1,4,3,23,3,1,2,2,1,1,1
15,898,1,6,2,3,2647,3,3,2,3,1,3,1,44,3,1,1,3,2,1,1
16,808,1,11,4,0,3939,1,3,1,3,1,2,1,40,3,2,2,2,2,1,1
17,879,2,18,2,3,3213,3,2,1,4,1,3,1,25,3,1,1,3,1,1,1
18,997,2,36,4,3,2337,1,5,4,3,1,4,1,36,3,2,1,3,1,1,1
19,285,4,11,4,0,7228,1,3,1,3,1,4,2,39,3,2,2,2,1,1,1
20,644,1,6,4,0,3676,1,3,1,3,1,3,1,37,3,1,3,3,2,1,1
21,382,2,12,4,0,3124,1,2,1,3,1,3,1,49,1,2,2,2,2,1,1
22,942,2,36,2,5,2384,1,2,4,3,1,1,4,33,3,1,1,2,1,1,1
23,78,2,12,4,4,1424,1,4,4,3,1,3,2,26,3,2,1,3,1,1,1
24,977,1,6,4,0,4716,5,2,1,3,1,3,1,44,3,2,2,2,2,1,1
25,829,2,11,3,3,4771,1,4,2,3,1,4,2,51,3,2,1,3,1,1,1
27,954,2,9,4,3,1154,1,5,2,3,1,4,1,37,3,2,3,2,1,1,1
28,32,4,15,2,0,3556,5,3,3,3,1,2,4,29,3,2,1,3,1,1,1
29,126,3,42,4,1,4796,1,5,4,3,1,4,4,56,3,3,1,3,1,1,1
30,176,3,30,4,3,3017,1,5,4,3,1,4,2,47,3,2,1,3,1,1,1
31,282,4,36,4,0,3535,1,4,4,3,1,4,3,37,3,2,2,3,1,2,1
32,60,4,36,4,0,6614,1,5,4,3,1,4,3,34,3,2,2,4,1,2,1
33,719,4,24,2,3,1376,3,4,4,2,1,1,3,28,3,2,1,3,1,1,1
34,681,1,15,2,0,1721,1,2,2,3,1,3,1,36,3,2,1,3,1,1,1
36,404,4,12,4,0,1495,1,5,4,3,1,1,1,38,3,2,2,2,2,1,1
37,894,4,12,4,3,1934,1,5,2,3,1,2,4,26,3,2,2,3,1,1,1
38,794,4,18,2,1,3378,5,3,2,3,1,1,2,31,3,2,1,3,1,2,1
39,597,4,24,4,1,3868,1,5,4,2,1,2,3,41,3,1,2,4,1,2,1
41,8,1,24,2,10,1755,1,5,4,2,3,4,1,58,3,2,1,2,1,2,1
42,750,4,18,4,0,1028,1,3,4,2,1,3,1,36,3,2,2,3,1,1,1
43,710,2,24,4,9,2825,5,4,4,3,1,3,4,34,3,2,2,3,2,2,1
44,855,2,18,2,6,1239,5,3,4,3,1,4,4,61,3,3,1,3,1,1,1
45,313,1,18,2,0,1216,1,2,4,2,1,3,3,23,3,1,1,3,1,2,1
46,662,4,24,2,9,1258,1,4,4,3,1,1,1,25,3,2,1,3,1,2,1
47,230,4,18,4,6,1864,2,3,4,2,1,2,1,30,3,2,2,3,1,1,1
48,35,4,24,2,0,1474,2,2,4,4,1,3,1,33,3,2,1,3,1,2,1
49,309,1,24,4,9,1382,2,4,4,3,1,1,1,26,3,2,2,3,1,2,1
51,493,3,36,2,3,3919,1,3,2,3,1,2,1,23,3,2,1,3,1,2,1
52,180,4,9,4,0,1224,1,3,3,3,1,1,1,30,3,2,2,3,1,1,1
53,1000,4,12,4,3,2331,5,5,1,3,2,4,1,49,3,2,1,3,1,2,1
54,503,4,24,2,1,6313,5,5,3,3,1,4,3,41,3,2,1,4,2,2,1
56,648,4,12,4,3,1655,1,5,2,3,1,4,1,63,3,2,2,2,1,2,1
57,239,1,15,2,3,1053,1,2,4,4,1,2,1,27,3,2,1,3,1,1,2
58,210,4,21,2,3,3160,5,5,4,3,1,3,2,41,3,2,1,3,1,2,1
59,36,4,36,2,0,3079,5,3,4,3,1,4,1,36,3,2,1,3,1,1,1
60,303,4,12,4,0,1163,3,3,4,3,1,4,1,44,3,2,1,3,1,2,1
61,724,4,24,2,1,2679,1,2,4,2,1,1,4,29,3,2,1,4,1,2,1
62,690,4,48,4,3,3578,5,5,4,3,1,1,1,47,3,2,1,3,1,2,1
63,901,4,36,3,0,10875,1,5,2,3,1,2,3,45,3,2,2,3,2,2,1
64,784,1,12,3,0,1344,1,3,4,3,1,2,1,43,3,2,2,2,2,1,1
65,136,4,6,4,3,1237,2,3,1,2,1,1,2,27,3,2,2,3,1,1,1
66,45,4,12,2,3,3077,1,3,2,3,1,4,3,52,3,2,1,3,1,2,1
67,707,4,24,2,3,2284,1,4,4,3,1,2,3,28,3,2,1,3,1,2,1
68,71,2,12,2,3,1567,1,3,1,2,1,1,3,22,3,2,1,3,1,2,1
69,825,4,24,3,0,2032,1,5,4,3,1,4,4,60,3,3,2,3,1,2,1
70,481,2,21,4,2,2745,4,4,3,3,1,2,3,32,3,2,2,3,1,2,1
71,214,4,30,2,3,1867,5,5,4,3,1,4,3,58,3,2,1,3,1,2,1
72,969,4,36,2,3,2299,3,5,4,3,1,4,3,39,3,2,1,3,1,1,1
74,147,3,12,2,3,3399,5,5,2,3,1,3,3,37,3,2,1,4,1,1,1
75,122,2,9,2,2,2030,5,4,2,3,1,1,3,24,3,2,1,3,1,2,1
76,456,4,21,4,1,3275,1,5,1,3,1,4,3,36,3,2,1,4,1,2,1
77,741,4,24,4,0,1940,4,5,4,3,1,4,1,60,3,2,1,3,1,2,1
78,2,1,21,4,0,1602,1,5,4,4,1,3,3,30,3,2,2,3,1,2,1
79,765,4,15,2,3,1979,5,5,4,3,1,2,3,35,3,2,1,3,1,1,1
80,948,4,24,4,0,2022,1,3,4,2,1,4,3,37,3,2,1,3,1,2,1
81,93,4,36,4,3,3342,5,5,4,3,1,2,3,51,3,2,1,3,1,2,1
82,335,2,18,2,0,5866,2,3,2,3,1,2,3,30,3,2,2,3,1,2,1
83,687,3,15,4,1,2360,3,3,2,3,1,2,3,36,3,2,1,3,1,2,1
84,416,4,15,4,2,1520,5,5,4,3,1,4,2,63,3,2,1,3,1,1,1
85,293,1,12,2,0,3651,4,3,1,3,1,3,2,31,3,2,1,3,2,1,1
86,955,4,24,4,1,2346,1,4,4,3,1,3,3,35,3,2,2,3,1,2,1
87,301,4,36,3,3,4454,1,3,4,2,1,4,1,34,3,2,2,3,1,1,1
89,308,2,24,3,0,1965,5,3,4,2,1,4,3,42,3,1,2,3,1,2,1
90,681,2,12,4,0,1995,2,2,4,3,1,1,3,27,3,2,1,3,1,1,1
91,522,2,30,2,3,2991,5,5,2,2,1,4,3,25,3,2,1,3,1,1,1
92,527,2,30,0,9,4221,1,3,2,2,1,1,3,28,3,2,2,3,1,1,1
93,885,1,9,2,3,1364,1,4,3,3,1,4,1,59,3,2,1,3,1,1,1
94,740,2,18,4,2,6361,1,5,2,3,1,1,4,41,3,2,1,3,1,2,1
95,578,4,27,4,2,4526,4,2,4,3,1,2,1,32,2,2,2,2,2,2,1
96,83,2,12,4,3,3573,1,3,1,2,1,1,1,23,3,2,1,2,1,1,1
97,859,2,36,3,9,4455,1,3,2,1,1,2,1,30,2,2,2,4,1,2,1
98,76,1,9,2,2,2136,1,3,3,3,1,2,1,25,3,2,1,3,1,1,1
99,242,2,42,4,9,5954,1,4,2,2,1,1,1,41,1,2,2,2,1,1,1
100,943,4,24,4,2,3777,4,3,4,3,1,4,1,40,3,2,1,3,1,2,1
102,711,2,24,3,9,4712,5,3,4,3,1,2,2,34,1,2,2,4,1,2,1
103,711,2,36,3,0,7432,1,3,2,2,1,2,2,54,3,1,1,3,1,1,1
104,203,4,24,4,3,1851,1,4,4,4,3,2,3,33,3,2,2,3,1,2,1
105,570,4,24,2,0,1393,1,3,2,3,3,2,1,31,3,2,1,3,1,2,1
106,576,4,12,4,9,1412,1,3,4,2,3,2,1,29,3,2,2,4,1,2,1
107,832,4,18,2,3,1473,1,2,3,4,1,4,1,39,3,2,1,3,1,2,1
108,110,4,24,2,3,1533,1,2,4,2,1,3,3,38,2,2,1,3,1,2,1
109,146,4,12,4,6,2012,5,4,4,2,1,2,3,61,3,2,1,3,1,1,1
110,955,1,15,2,0,3959,1,3,3,2,1,2,2,29,3,2,1,3,1,2,1
112,995,2,12,4,0,2366,3,4,3,1,1,3,3,36,3,2,1,4,1,2,1
114,24,2,21,2,2,3976,5,4,2,3,1,3,3,35,3,2,1,3,1,2,1
115,253,2,18,2,0,6260,1,4,3,3,1,3,1,28,3,1,1,2,1,1,1
116,244,2,9,4,2,1919,1,4,4,3,1,3,3,35,3,1,1,3,1,2,1
117,91,4,24,2,1,2603,4,3,2,2,1,4,3,28,3,1,1,3,1,2,1
119,43,4,24,2,2,3062,3,5,4,3,1,3,4,32,3,1,1,3,1,2,1
120,813,2,36,2,3,4795,1,2,4,2,1,1,4,30,3,2,1,4,1,2,1
121,266,4,36,4,1,5842,1,5,2,3,1,2,2,35,3,2,2,3,2,2,1
122,363,2,6,2,3,2063,1,2,4,4,1,3,3,30,3,1,1,4,1,2,1
123,114,4,15,4,3,1459,1,3,4,2,1,2,3,43,3,2,1,2,1,1,1
124,151,4,15,2,3,1213,3,5,4,3,1,3,2,47,2,2,1,3,1,2,1
125,554,4,24,4,3,5103,1,2,3,4,1,3,4,47,3,3,3,3,1,2,1
127,764,4,6,2,2,2978,3,3,1,3,1,2,3,32,3,2,1,3,1,2,1
128,882,4,18,2,0,1820,1,3,2,4,1,2,2,30,3,2,1,4,1,2,1
129,141,4,24,4,3,2872,2,5,3,3,1,4,1,36,3,2,1,3,2,2,1
130,623,3,24,2,2,1925,1,3,2,3,1,2,1,26,3,2,1,3,1,1,1
131,119,4,18,2,2,2515,1,3,3,3,1,4,1,43,3,2,1,3,1,2,1
132,364,3,6,2,2,2116,1,3,2,3,1,2,1,41,3,2,1,3,1,2,1
133,957,4,18,2,3,1453,1,2,3,2,1,1,1,26,3,2,1,3,1,1,1
134,909,4,10,2,0,1364,1,3,2,2,1,4,3,64,3,2,1,3,1,2,1
135,658,4,6,2,2,1543,4,3,4,1,1,2,1,33,3,2,1,3,1,1,1
136,633,2,12,2,0,1318,4,5,4,3,1,4,1,54,3,2,1,3,1,2,1
137,268,1,24,1,0,2325,2,4,2,3,1,3,3,32,1,2,1,3,1,1,1
139,566,3,24,4,3,3148,5,3,3,3,1,2,3,31,3,2,2,3,1,2,1
140,292,4,36,2,3,3835,5,5,2,2,1,4,1,45,3,2,1,2,1,2,1
141,224,4,9,2,6,3832,5,5,1,3,1,4,1,64,3,2,1,2,1,1,1
142,88,2,24,2,3,5084,5,5,2,2,1,4,3,42,3,2,1,3,1,2,1
143,593,4,9,4,2,2406,1,1,2,3,1,3,3,31,3,2,1,4,1,1,1
144,252,4,36,2,3,2394,5,3,4,2,1,4,3,25,3,2,1,3,1,1,1
145,407,4,21,2,1,2476,5,5,4,3,1,4,1,46,3,2,1,4,1,2,1
146,739,1,24,2,1,2964,5,5,4,3,1,4,4,49,1,3,1,3,2,2,1
147,621,1,12,2,2,1262,5,5,2,1,1,4,2,49,3,2,1,2,1,2,1
148,549,4,12,2,9,1542,1,4,2,3,1,4,3,36,3,2,1,3,1,2,1
149,325,2,24,4,3,1743,1,5,4,3,1,2,2,48,3,2,2,2,1,1,1
151,459,4,12,2,3,2171,1,2,2,2,1,2,3,29,1,2,1,3,1,1,1
152,802,4,48,4,1,8858,5,4,2,3,1,1,4,35,3,3,2,3,1,2,1
153,634,2,24,2,0,3512,2,4,2,3,1,3,3,38,1,2,2,3,1,2,1
154,415,2,12,2,3,1158,3,3,3,1,1,1,3,26,3,2,1,3,1,2,1
155,981,4,24,4,3,2684,1,3,4,3,1,2,1,35,3,2,2,2,1,1,1
156,147,1,12,2,3,1498,1,3,4,2,1,1,3,23,1,2,1,3,1,1,1
157,89,4,30,4,3,5954,1,4,3,3,2,2,3,38,3,2,1,3,1,1,1
158,1000,2,48,1,9,6416,1,5,4,2,1,3,4,59,3,1,1,3,1,1,1
159,610,2,12,4,2,3617,1,5,1,3,1,4,3,28,3,1,3,3,1,2,1
160,129,4,12,4,3,1291,1,3,4,2,1,2,2,35,3,2,2,3,1,1,1
161,841,3,24,4,9,1275,4,3,2,1,1,4,1,36,3,2,2,3,1,2,1
162,785,4,24,2,2,3972,1,4,2,2,1,4,2,25,3,1,1,3,1,2,1
163,373,4,15,4,2,3343,1,3,4,3,1,2,4,28,3,3,1,3,1,2,1
165,153,4,9,4,0,2134,1,3,4,3,1,4,3,48,3,2,3,3,1,2,1
166,712,4,30,4,3,5771,1,4,4,2,1,2,3,25,3,2,2,3,1,1,1
167,121,4,24,4,9,4526,1,3,3,3,1,2,1,74,3,2,1,4,1,2,1
168,867,4,15,4,2,2788,1,4,2,2,2,3,3,24,1,2,2,3,1,1,1
169,500,4,6,4,3,1382,1,3,1,2,1,1,3,28,3,2,2,3,1,2,1
170,675,3,36,2,3,5848,1,3,4,3,1,1,3,24,3,2,1,3,1,1,1
171,795,1,12,2,0,1228,1,3,4,2,1,2,1,24,3,2,1,2,1,1,1
172,132,3,12,2,3,1297,1,3,3,4,1,4,1,23,3,1,1,3,1,1,1
173,277,4,24,2,3,1552,1,4,3,3,1,1,3,32,1,2,1,3,2,1,1
174,550,4,12,2,3,1963,1,4,4,3,1,2,3,31,3,1,2,4,2,2,1
175,84,4,24,2,3,3235,3,5,3,1,1,2,3,36,3,2,1,4,1,2,1
176,165,4,24,4,9,4139,2,3,3,3,1,3,2,27,3,2,2,2,1,2,1
177,791,2,12,4,1,1804,2,2,3,3,1,4,2,44,3,2,1,3,1,1,1
178,125,4,18,2,9,1950,1,4,4,3,1,1,3,34,2,2,2,3,1,2,1
179,944,4,48,3,3,12749,3,4,4,3,1,1,3,37,3,2,1,4,1,2,1
180,855,4,9,2,4,1236,1,2,1,2,1,4,1,23,3,1,1,3,1,2,1
181,555,4,18,4,0,1055,1,2,4,2,1,1,2,30,3,2,2,3,1,1,1
182,80,1,30,0,9,8072,5,2,2,3,1,3,3,25,1,2,3,3,1,1,1
183,948,4,30,4,3,2831,1,3,4,2,1,2,3,33,3,2,1,3,1,2,1
184,701,4,9,2,9,1449,1,4,3,2,1,2,3,27,3,2,2,3,1,1,1
185,12,4,36,2,9,5742,2,4,2,3,1,2,3,31,3,2,2,3,1,2,1
186,21,4,12,2,0,2390,5,5,4,3,1,3,3,50,3,2,1,3,1,2,1
187,931,4,24,2,3,3430,3,5,3,3,1,2,3,31,3,2,1,3,2,2,1
188,315,2,36,2,6,2273,1,4,3,3,1,1,3,32,3,2,2,3,2,1,1
189,924,3,21,2,0,2923,2,3,1,2,1,1,3,28,1,2,1,4,1,2,1
190,769,4,24,2,3,1901,2,3,4,3,1,4,3,29,3,1,1,4,1,2,1
191,95,2,36,2,6,3711,5,3,2,4,1,2,3,27,3,2,1,3,1,1,1
192,895,2,48,2,0,8487,5,4,1,2,1,2,3,24,3,2,1,3,1,1,1
193,585,4,24,2,0,2255,5,2,4,3,1,1,2,54,3,2,1,3,1,1,1
194,291,4,12,2,3,1262,1,3,3,3,1,2,3,25,3,2,1,3,1,1,1
195,912,4,33,4,1,7253,1,4,3,3,1,2,3,35,3,2,2,4,1,2,1
196,254,4,6,4,0,6761,1,4,1,3,1,3,4,45,3,2,2,4,2,2,1
197,585,4,18,4,2,1817,1,3,4,2,1,2,4,28,3,2,2,3,1,1,1
198,935,4,12,2,3,2141,2,4,3,3,1,1,4,35,3,2,1,3,1,1,1
199,508,4,48,1,9,3609,1,3,1,2,1,1,1,27,2,2,1,3,1,1,1
200,943,4,30,2,3,2333,3,5,4,3,1,2,3,30,1,2,1,4,1,1,1
201,734,4,28,1,1,7824,5,2,3,3,3,4,1,40,1,1,2,3,2,2,1
202,461,3,18,1,3,1445,5,4,4,3,1,4,3,49,1,2,1,2,1,1,1
203,349,1,24,2,2,7721,5,2,1,2,1,2,2,30,3,2,1,3,1,2,2
204,734,1,21,2,0,3763,5,4,2,3,2,2,1,24,3,2,1,2,1,1,2
205,292,2,18,2,9,4439,1,5,1,3,2,1,1,33,1,2,1,4,1,2,1
206,347,1,12,2,3,1107,1,3,2,3,1,2,1,20,3,1,1,4,2,2,1
207,54,2,15,2,3,1444,5,2,4,3,1,1,2,23,3,2,1,3,1,1,1
208,103,2,48,1,0,12169,5,1,4,3,2,4,4,36,3,3,1,4,1,2,1
209,641,4,9,2,3,2753,2,5,3,3,2,4,3,35,3,2,1,3,1,2,1
210,455,3,4,2,0,1494,5,2,1,3,1,2,1,29,3,2,1,2,2,1,2
211,568,1,24,1,2,2828,3,3,4,3,1,4,1,22,2,2,1,3,1,2,1
212,238,1,24,1,2,2483,3,3,4,3,1,4,1,22,2,2,1,3,1,2,1
213,659,3,6,4,0,1299,1,3,1,3,1,1,1,74,3,2,3,1,2,1,2
214,391,2,9,2,0,1549,5,2,4,3,1,2,1,35,3,2,1,1,1,1,1
215,588,3,10,2,0,3949,1,2,1,3,3,1,2,37,3,2,1,2,2,1,1
216,907,4,10,2,1,2901,5,2,1,2,1,4,1,31,3,1,1,3,1,1,1
218,727,1,47,2,0,10722,1,2,1,2,1,1,1,35,3,2,1,2,1,2,1
219,403,4,10,2,0,1287,5,5,4,3,2,2,2,45,3,2,1,2,1,1,2
220,277,1,18,1,3,1940,1,2,3,3,2,4,4,36,1,3,1,4,1,2,1
221,703,3,30,4,3,3656,5,5,4,3,1,4,2,49,2,2,2,2,1,1,1
222,449,4,24,3,1,4679,1,4,3,3,1,3,3,35,3,2,2,2,1,2,1
223,628,4,27,3,1,8613,4,3,2,3,1,2,3,27,3,2,2,3,1,1,1
224,829,1,18,2,2,2659,4,3,4,3,1,2,3,28,3,2,1,3,1,1,1
225,913,4,24,4,3,1516,4,3,4,2,1,1,1,43,3,2,2,2,1,1,1
226,562,1,18,2,0,4380,2,3,3,3,1,4,3,35,3,2,1,2,2,2,1
228,510,4,21,2,9,1572,4,5,4,2,1,4,1,36,1,2,1,2,1,1,1
229,537,2,48,1,9,3566,2,4,4,3,1,2,3,30,3,2,1,3,1,1,1
230,218,4,24,2,3,1278,1,5,4,3,1,1,1,36,3,2,1,4,1,2,1
232,105,4,39,2,1,8588,2,5,4,3,1,2,3,45,3,2,1,4,1,2,1
233,840,1,30,2,1,3857,1,3,4,1,1,4,2,40,3,2,1,4,1,2,1
235,933,1,24,2,3,1603,1,5,4,2,1,4,3,55,3,2,1,3,1,1,1
236,844,4,21,2,2,2241,1,5,4,3,1,2,1,50,3,2,2,3,1,1,1
237,431,1,24,2,3,2384,1,5,4,3,1,4,1,64,1,1,1,2,1,1,1
239,798,4,39,2,1,2569,3,3,4,3,1,4,3,24,3,2,1,3,1,1,1
240,661,4,15,4,3,1316,3,3,2,4,1,2,2,47,3,2,2,2,1,1,1
241,166,4,60,2,0,10366,1,5,2,3,1,4,2,42,3,2,1,4,1,2,1
242,322,4,18,2,9,1568,2,3,3,2,1,4,2,24,3,1,1,2,1,1,1
244,30,4,6,1,3,1750,3,5,2,3,1,4,2,45,1,2,1,2,2,1,1
245,71,4,24,2,1,3488,2,4,3,2,1,4,3,23,3,2,1,3,1,1,1
246,233,4,18,4,3,1800,1,3,4,3,1,2,3,24,3,2,2,3,1,1,1
247,1000,4,24,3,2,4151,2,3,2,3,1,3,2,35,3,2,2,3,1,1,1
248,981,2,15,2,5,2631,2,3,3,2,1,2,1,25,3,2,1,2,1,1,1
249,372,4,21,2,1,5248,5,3,1,3,1,3,3,26,3,2,1,3,1,1,1
250,296,2,18,3,0,2899,5,5,4,3,1,4,3,43,3,2,1,3,2,1,1
251,929,2,18,3,5,6204,1,3,2,3,1,4,1,44,3,2,1,2,2,2,1
253,816,4,36,2,3,3595,1,5,4,3,1,2,3,28,3,2,1,3,1,1,1
254,632,4,36,4,1,5711,4,5,4,3,1,2,3,38,3,2,2,4,1,2,1
255,437,3,15,2,9,2687,1,4,2,3,1,4,2,26,3,1,1,3,1,2,1
256,627,1,15,3,2,3643,1,5,1,2,1,4,2,27,3,2,2,2,1,1,1
257,969,4,10,4,2,2146,1,2,1,2,1,3,1,23,3,1,2,3,1,1,1
258,833,1,10,2,3,2315,1,5,3,3,1,4,1,52,3,2,1,2,1,1,1
259,550,4,5,2,9,3448,1,4,1,3,1,4,1,74,3,2,1,2,1,1,1
260,224,4,15,2,2,2708,1,2,2,3,1,3,2,27,1,2,2,2,1,1,1
261,91,4,11,4,0,1393,1,2,4,2,1,4,3,35,3,2,2,4,1,1,1
262,678,3,10,2,2,1275,1,2,4,2,1,2,2,23,3,2,1,3,1,1,1
263,628,4,9,2,2,1313,1,5,1,3,1,4,3,20,3,2,1,3,1,1,1
264,476,4,12,2,3,1493,1,2,4,2,1,3,3,34,3,2,1,3,2,1,1
265,940,4,22,2,3,2675,3,5,3,3,1,4,3,40,3,2,1,3,1,1,1
266,144,2,9,2,3,2118,1,3,2,3,1,2,1,37,3,2,1,2,2,1,1
268,115,4,12,4,2,1258,1,2,2,2,1,4,2,22,3,1,2,2,1,1,1
269,2,4,15,1,3,1569,2,5,4,3,1,4,3,34,1,2,1,2,2,1,1
270,777,4,6,2,1,1236,3,3,2,3,1,4,2,50,3,1,1,3,1,1,1
271,772,4,36,3,2,7678,3,4,2,2,1,4,3,40,3,2,2,3,1,2,1
273,681,4,24,2,2,2835,3,5,3,3,1,4,2,53,3,2,1,3,1,1,1
274,823,4,24,2,1,2670,1,5,4,3,1,4,3,35,3,2,1,4,1,2,1
275,738,4,12,1,8,3447,3,3,4,2,1,3,1,35,3,2,1,2,2,1,1
276,286,4,15,2,3,3568,1,5,4,2,1,2,3,54,1,1,1,4,1,2,1
277,227,2,21,4,9,3652,1,4,2,3,1,3,2,27,3,2,2,3,1,1,1
278,995,1,24,2,3,3660,1,3,2,2,1,4,3,28,3,2,1,3,1,1,1
279,174,3,9,2,3,1126,2,5,2,1,1,4,1,49,3,2,1,3,1,1,1
281,828,3,12,2,2,2251,1,3,1,2,1,2,3,46,3,2,1,2,1,1,1
282,667,4,12,2,1,4675,5,2,1,2,1,4,3,20,3,1,1,3,1,1,1
283,231,2,21,3,0,2353,1,3,1,1,1,4,2,47,3,2,2,3,1,1,1
284,560,1,21,2,3,3357,4,2,4,2,1,2,3,29,1,2,1,3,1,1,1
287,773,4,9,2,3,2697,1,3,1,3,1,2,1,32,3,2,1,3,2,1,1
288,455,4,9,2,0,2507,3,5,2,3,1,4,4,51,3,3,1,2,1,1,1
289,486,4,15,3,3,1478,1,3,4,4,1,3,1,33,1,2,2,3,1,1,1
290,283,4,12,4,6,3565,5,2,2,3,1,1,2,37,3,2,2,2,2,1,1
291,695,4,15,2,2,2221,3,3,2,2,1,4,3,20,3,1,1,3,1,1,1
292,351,4,6,4,3,1898,5,3,1,3,1,2,1,34,3,2,2,2,2,1,1
293,632,2,6,3,9,1449,2,5,1,1,1,2,3,31,1,2,2,3,2,1,1
295,907,4,36,2,1,8133,1,3,1,2,1,2,2,30,1,2,1,3,1,1,1
296,522,4,9,2,2,2301,2,2,2,2,1,4,2,22,3,1,1,3,1,1,1
297,23,4,6,3,9,1743,2,3,1,3,1,2,1,34,3,2,2,2,1,1,1
299,76,4,18,3,3,2320,1,1,2,4,1,3,1,34,3,2,2,3,1,1,1
301,118,3,24,2,3,5152,1,4,4,3,1,2,3,25,1,2,1,3,1,1,1
302,41,3,24,2,2,3749,1,2,2,2,1,4,3,26,3,2,1,3,1,1,1
303,289,4,9,4,3,3074,5,3,1,3,1,2,1,33,3,2,2,3,2,1,1
305,60,4,24,2,0,1469,2,5,4,4,1,4,1,41,3,1,1,2,1,1,1
306,39,1,6,2,2,1374,1,3,1,3,1,2,1,36,1,2,1,2,1,2,1
308,204,1,21,2,3,2606,1,2,4,2,1,4,2,28,3,1,1,4,1,2,1
309,150,4,54,0,1,9436,5,3,2,3,1,2,2,39,3,2,1,2,2,1,1
311,857,4,48,4,1,2751,5,5,4,3,1,3,3,38,3,2,2,3,2,2,1
313,641,2,24,2,0,1201,1,2,4,3,1,1,2,26,3,2,1,3,1,1,1
315,563,4,15,2,1,1300,5,5,4,3,1,4,4,45,1,3,1,3,2,1,1
316,580,4,24,1,9,1559,1,4,4,3,1,4,3,40,1,2,1,3,1,2,1
317,521,3,12,2,3,3016,1,3,3,4,1,1,3,24,3,2,1,3,1,1,1
318,514,4,15,4,3,1360,1,3,4,3,1,2,2,31,3,2,2,3,1,1,1
319,287,4,6,0,0,1204,2,3,4,3,1,1,4,35,1,1,1,3,1,1,2
320,665,4,10,2,0,1597,3,3,3,3,1,2,4,40,3,1,1,2,2,1,2
321,302,4,12,2,3,2073,2,3,4,2,2,2,1,28,3,2,1,3,1,1,1
322,759,4,11,2,9,2142,4,5,1,1,1,2,1,28,3,2,1,3,1,2,1
323,610,1,10,4,2,2132,5,2,2,2,2,3,1,27,3,1,2,3,1,1,2
324,145,4,10,2,0,1546,1,3,3,3,1,2,1,31,3,2,1,2,2,1,2
325,735,4,24,4,0,1287,4,5,4,2,1,4,1,37,3,2,2,3,1,2,1
326,726,4,10,2,0,1418,2,3,3,3,1,2,1,35,3,1,1,2,1,1,2
327,224,3,6,4,0,1343,1,5,1,3,1,4,1,46,3,2,2,3,2,1,2
328,295,4,18,2,0,2662,5,4,4,3,1,3,2,32,3,2,1,3,1,1,2
329,513,4,18,4,3,6070,1,5,3,3,1,4,3,33,3,2,2,3,1,2,1
330,934,4,24,4,6,1927,5,3,3,2,1,2,3,33,3,2,2,3,1,2,1
331,342,4,18,4,3,2404,1,3,2,2,1,2,3,26,3,2,2,3,1,1,1
332,958,4,6,4,3,1554,1,4,1,2,1,2,3,24,3,1,2,3,1,2,1
333,607,4,22,2,0,1283,5,4,4,2,1,4,2,25,3,1,1,3,1,1,1
335,549,1,24,2,2,1747,1,2,4,3,2,1,2,24,3,2,1,2,1,1,2
336,303,1,9,4,5,1288,2,5,3,3,3,4,1,48,3,2,2,3,2,1,2
337,775,1,10,4,0,1038,1,4,4,3,2,3,2,49,3,2,2,3,1,2,1
338,430,4,10,2,1,2848,2,3,1,3,2,2,1,32,3,2,1,3,2,1,1
339,182,4,12,2,1,1413,4,4,3,3,1,2,2,55,3,2,1,3,1,1,2
340,288,4,30,4,3,3077,5,5,3,3,1,2,3,40,3,2,2,3,2,2,1
341,785,1,24,1,1,3632,1,3,1,2,3,4,3,22,1,1,1,3,1,1,2
342,122,4,18,4,1,3229,5,1,2,3,1,4,4,38,3,2,1,4,1,2,1
343,202,4,9,2,0,3577,2,3,1,3,3,2,1,26,3,1,1,3,2,1,2
345,645,4,10,2,3,1924,1,3,1,3,1,4,2,38,3,2,1,3,1,2,2
348,286,1,12,4,0,2121,1,3,4,3,1,2,2,30,3,2,2,3,1,1,1
350,180,4,10,4,2,2069,5,3,2,4,1,1,3,26,3,2,2,3,1,1,2
351,401,4,24,2,0,1525,4,4,4,2,1,3,3,34,3,2,1,3,2,2,1
352,218,4,48,4,9,7629,5,5,4,1,1,2,3,46,1,2,2,4,2,1,1
353,548,1,12,4,0,3499,1,3,3,2,2,2,1,29,3,2,2,3,1,1,1
354,881,4,6,2,3,1346,2,5,2,3,1,4,4,42,1,3,1,3,2,2,1
355,792,4,36,4,1,10477,5,5,2,3,1,4,4,42,3,3,2,3,1,1,1
356,449,1,24,2,1,2924,1,3,3,3,3,4,4,63,1,2,1,3,2,2,1
357,131,4,10,4,0,1231,1,5,3,3,1,4,1,32,3,2,2,2,2,1,2
358,253,3,18,2,0,1961,1,5,3,2,1,2,3,23,3,2,1,4,1,1,1
359,778,4,15,4,0,5045,5,5,1,2,1,4,3,59,3,2,1,3,1,2,1
360,527,4,12,4,0,1255,1,5,4,3,1,4,1,61,3,2,2,2,1,1,1
361,679,1,12,2,2,1858,1,2,4,2,1,1,3,22,3,1,1,3,1,1,1
362,945,4,6,4,2,1221,5,3,1,4,1,2,2,27,3,2,2,3,1,1,1
363,673,4,9,2,2,1388,1,3,4,2,1,2,1,26,3,1,1,3,1,1,1
364,627,4,12,2,3,2279,5,3,4,3,1,4,4,37,3,3,1,3,1,2,1
365,206,4,12,0,2,2759,1,5,2,3,1,4,2,34,3,2,2,3,1,1,1
366,905,3,24,2,3,1258,3,3,3,2,1,3,3,57,3,2,1,2,1,1,1
367,753,2,12,0,8,1410,1,3,2,3,1,2,1,31,3,2,1,2,1,2,1
368,249,1,15,2,0,1403,1,3,2,2,1,4,3,28,3,1,1,3,1,1,1
369,424,1,24,2,2,3021,1,3,2,1,1,2,1,24,3,1,1,2,1,1,1
370,540,1,24,2,9,6568,1,3,2,4,1,2,3,21,2,2,1,2,1,1,1
371,983,4,24,4,3,2578,4,5,2,3,1,2,3,34,3,2,1,3,1,1,1
372,367,2,24,4,1,7758,4,5,2,2,1,4,4,29,3,1,1,3,1,1,1
374,347,4,21,3,2,1591,2,4,4,3,1,3,1,34,3,2,2,4,1,1,1
375,122,1,27,2,3,3416,1,3,3,3,1,2,3,27,3,2,1,4,1,1,1
376,673,1,12,0,5,1108,1,4,4,3,1,3,1,28,3,2,2,3,1,1,1
377,582,2,27,3,1,5965,1,5,1,3,1,2,3,30,3,2,2,4,1,2,1
378,439,2,15,2,5,1514,2,3,4,3,3,2,1,22,3,2,1,3,1,1,1
379,125,4,30,4,3,6742,5,4,2,3,1,3,2,36,3,2,2,3,1,1,1
380,744,1,18,2,2,3650,1,2,1,2,1,4,3,22,3,1,1,3,1,1,1
381,172,1,21,2,2,3599,1,4,1,2,1,4,3,26,3,1,1,2,1,1,1
382,15,4,60,4,0,13756,5,5,2,3,1,4,4,63,1,3,1,4,1,2,1
384,923,4,42,4,2,4041,3,3,4,3,1,4,1,36,3,2,2,3,1,2,1
387,411,4,24,2,0,7393,1,3,1,3,1,4,2,43,3,2,1,2,2,1,1
388,375,3,10,2,4,1225,1,3,2,3,1,2,3,37,3,2,1,3,1,2,1
389,101,1,24,2,1,2812,5,5,2,2,1,4,1,26,3,1,1,3,1,1,1
390,714,4,15,2,1,3029,1,4,2,3,1,2,3,33,3,2,1,3,1,1,1
391,802,3,12,4,0,1480,3,1,2,3,1,4,4,66,1,3,3,1,1,1,1
392,827,3,6,4,6,1047,1,3,2,2,1,4,2,50,3,2,1,2,1,1,1
393,70,4,15,4,3,1471,1,3,4,3,1,4,4,35,3,3,2,3,1,2,1
394,467,4,24,2,2,5511,2,3,4,3,1,1,3,25,2,2,1,3,1,1,1
395,656,2,9,2,3,1206,1,5,4,2,1,4,1,25,3,2,1,3,1,1,1
396,499,2,24,3,3,6403,1,2,1,3,1,2,3,33,3,2,1,3,1,1,1
398,565,4,12,3,1,1503,1,3,4,4,1,4,1,41,3,1,1,3,1,1,1
399,523,2,12,2,0,6078,1,4,2,3,1,2,3,32,3,2,1,3,1,1,1
400,263,2,27,2,9,2528,1,2,4,2,1,1,2,32,3,2,1,3,2,2,1
401,716,2,12,2,9,1037,2,4,3,3,1,4,1,39,3,2,1,2,1,1,1
402,118,1,6,2,1,1352,3,1,1,2,1,2,2,23,3,1,1,1,1,2,1
403,649,4,24,2,3,3181,1,2,4,2,1,4,2,26,3,2,1,3,1,2,1
404,244,4,18,2,3,4594,1,2,3,3,1,2,3,32,3,2,1,3,1,2,1
405,59,2,48,2,10,5381,5,1,3,3,1,4,4,40,1,3,1,1,1,2,1
406,583,4,15,2,1,4657,1,3,3,3,1,2,3,30,3,2,1,3,1,2,1
407,50,2,9,2,9,1391,1,3,2,4,1,1,1,27,1,2,1,3,1,2,1
408,905,2,18,2,9,1913,4,2,3,4,1,3,1,36,1,2,1,3,1,2,1
409,165,4,42,2,3,7166,5,4,2,4,1,4,2,29,3,1,1,3,1,2,1
410,756,4,13,2,3,1409,2,1,2,2,1,4,1,64,3,2,1,3,1,1,1
411,405,4,24,3,9,2978,5,3,4,3,1,4,1,32,3,2,2,3,2,2,1
413,509,4,24,3,9,2375,3,3,4,3,1,2,3,44,3,2,2,3,2,2,1
415,398,4,28,4,3,2743,1,5,4,3,1,2,3,29,3,2,2,3,1,1,1
416,611,4,11,4,3,1154,2,1,4,2,1,4,1,57,3,2,3,2,1,1,1
417,25,4,24,4,1,5804,4,3,4,3,1,2,1,27,3,2,2,3,1,1,1
418,620,4,18,4,3,1169,5,3,4,3,1,3,2,29,3,2,2,3,1,2,1
419,684,1,15,4,2,1478,1,5,4,3,1,4,3,44,3,2,2,3,2,2,1
421,801,2,11,4,0,1322,4,3,4,2,1,4,3,40,3,2,2,3,1,1,1
422,77,2,16,4,0,1175,1,1,2,3,1,3,3,68,3,3,3,1,1,2,1
423,664,4,12,2,0,2133,5,5,4,2,1,4,4,52,3,3,1,4,1,2,1
424,125,4,15,4,3,1829,1,5,4,3,1,4,3,46,3,2,2,3,1,2,1
426,735,2,39,3,6,11760,2,4,2,3,1,3,4,32,3,1,1,3,1,2,1
427,431,2,9,4,6,1501,1,5,2,2,1,3,3,34,3,2,2,4,1,2,1
428,918,1,12,2,6,1200,5,3,4,2,1,4,2,23,1,1,1,3,1,2,1
429,504,2,9,2,0,3195,5,3,1,2,1,2,1,33,3,2,1,2,1,1,1
430,442,4,30,4,3,4530,1,4,4,2,1,4,3,26,3,1,1,4,1,2,1
431,107,4,12,3,5,1555,4,5,4,3,1,4,4,55,3,3,2,3,2,1,1
432,50,2,15,4,9,2326,3,3,2,3,1,4,3,27,1,2,1,3,1,1,1
433,265,2,18,4,9,1887,5,3,4,4,1,4,1,28,1,2,2,3,1,1,1
434,633,4,12,4,9,1264,5,5,4,3,1,4,4,57,3,1,1,2,1,1,1
436,726,4,15,4,6,1532,2,3,4,2,1,3,3,31,3,2,1,3,1,1,1
438,603,1,27,4,9,2442,1,5,4,3,1,4,3,43,2,2,4,4,2,2,1
439,702,2,18,4,9,3590,1,1,3,4,1,3,3,40,3,2,3,1,2,2,1
440,99,4,21,4,2,2288,1,2,4,2,1,4,2,23,3,2,1,3,1,2,1
441,218,4,27,3,9,5117,1,4,3,3,1,4,3,26,3,2,2,3,1,1,1
442,467,1,39,4,2,14179,5,4,4,3,1,4,2,30,3,2,2,4,1,2,1
443,501,4,15,2,3,1386,5,3,4,4,1,2,1,40,3,1,1,3,1,2,1
445,442,4,12,2,2,1574,1,3,4,3,1,2,1,50,3,2,1,3,1,1,1
448,183,4,36,2,1,4686,1,3,2,3,1,2,4,32,3,3,1,4,1,2,1
451,511,1,20,2,2,2212,5,4,4,3,1,4,3,39,3,2,1,3,1,2,1
452,327,2,10,2,0,7308,1,1,2,3,1,4,4,70,1,3,1,4,1,2,1
453,551,2,24,4,6,5743,1,2,2,2,1,4,4,24,3,3,2,3,1,2,1
454,441,1,14,2,0,3973,1,1,1,3,1,4,4,22,3,3,1,3,1,1,1
455,291,2,60,3,3,7418,5,3,1,3,1,1,1,27,3,2,1,2,1,1,1
456,262,2,20,3,10,2629,1,3,2,3,1,3,3,29,1,2,2,3,1,2,1
457,553,2,18,2,9,1941,4,3,4,3,1,2,2,35,3,2,1,2,1,2,1
458,106,2,24,3,2,2333,5,2,4,3,1,2,2,29,1,2,1,2,1,1,1
459,656,4,12,2,1,2445,5,2,2,4,1,4,3,26,3,1,1,3,1,2,1
460,368,2,20,2,1,6468,5,1,1,1,1,4,1,60,3,2,1,4,1,2,1
461,438,2,18,4,2,7374,1,1,4,3,1,4,2,40,2,2,2,4,1,2,1
462,383,4,15,2,1,3812,2,2,1,2,1,4,3,23,3,2,1,3,1,2,1
463,252,1,28,2,0,4006,1,3,3,3,1,2,3,45,3,2,1,2,1,1,1
464,213,2,12,2,0,7472,5,1,1,2,1,2,1,24,3,1,1,1,1,1,1
465,832,3,12,2,2,1424,5,5,3,2,1,4,1,55,3,2,1,4,1,2,1
466,474,2,12,2,1,2028,5,3,4,3,1,2,3,30,3,2,1,3,1,1,1
467,940,4,15,2,0,5324,3,5,1,2,1,4,4,35,3,3,1,3,1,1,1
468,355,2,36,2,3,2323,1,4,4,3,1,4,3,24,3,1,1,3,1,1,1
469,241,4,12,2,6,1393,1,5,4,3,1,4,2,47,1,2,3,3,2,2,1
470,46,4,18,2,2,1984,1,3,4,3,1,4,4,47,1,3,2,3,1,1,1
472,628,4,36,2,9,7409,5,5,3,3,1,2,2,37,3,2,2,3,1,1,1
473,252,4,15,2,2,2186,5,4,1,2,1,4,1,33,1,1,1,2,1,1,1
474,628,3,36,2,3,4473,1,5,4,3,1,2,3,31,3,2,1,3,1,1,1
476,256,4,18,2,2,3422,1,5,4,3,1,4,2,47,1,2,3,3,2,2,1
477,302,4,24,2,3,3105,5,2,4,3,1,2,3,25,3,2,2,3,1,1,1
478,59,4,12,4,6,2748,1,5,2,2,1,4,4,57,1,3,3,2,1,1,1
479,854,2,18,2,5,3872,1,1,2,2,1,4,3,67,3,2,1,3,1,2,1
480,736,4,27,2,5,5190,5,5,4,3,1,4,2,48,3,2,4,3,2,2,1
481,738,2,18,2,2,3001,1,4,2,2,1,4,1,40,3,1,1,3,1,1,1
482,542,4,24,3,9,3863,1,3,1,3,1,2,4,32,3,3,1,3,1,1,1
483,433,4,12,4,2,5801,5,5,2,3,1,4,2,49,3,1,1,3,1,2,2
484,345,4,12,4,2,1592,4,4,3,2,1,2,2,35,3,2,1,3,1,1,1
485,983,4,12,4,9,1185,1,3,3,2,1,2,1,27,3,2,2,3,1,1,1
486,99,4,18,4,2,3780,1,2,3,1,1,2,3,35,3,2,2,4,1,2,1
487,837,2,18,4,2,3612,1,5,3,2,1,4,2,37,3,2,1,3,1,2,2
488,45,4,12,2,9,1076,1,3,2,4,1,2,1,26,3,2,1,3,1,2,1
489,895,4,12,2,0,3527,5,2,2,3,1,3,2,45,3,2,1,4,2,2,1
490,574,4,18,2,3,2051,1,2,4,3,1,1,1,33,3,2,1,3,1,1,1
491,997,4,12,4,2,3331,1,5,2,3,1,4,2,42,2,2,1,3,1,1,1
492,895,1,18,0,9,3104,1,4,3,3,1,1,2,31,1,2,1,3,1,2,1
493,133,4,24,4,3,2611,1,5,4,4,2,3,1,46,3,2,2,3,1,1,1
494,469,1,12,4,1,1409,1,5,4,3,1,3,1,54,3,2,1,3,1,1,1
495,443,4,24,2,3,1311,2,4,4,4,1,3,2,26,3,2,1,3,1,2,1
496,873,4,6,2,3,2108,1,4,2,4,1,2,1,29,3,1,1,3,1,1,1
497,609,4,24,4,1,4042,5,4,3,3,1,4,2,43,3,2,2,3,1,2,1
499,316,1,12,2,3,1680,3,5,3,4,1,1,1,35,3,2,1,3,1,1,1
500,862,4,24,2,0,1249,1,2,4,4,1,2,1,28,3,2,1,3,1,1,1
501,683,4,24,4,0,2463,2,4,4,4,1,3,2,27,3,2,2,3,1,2,1
502,46,4,6,2,3,1595,1,4,3,3,1,2,2,51,3,2,1,3,2,1,1
503,109,4,24,4,5,2058,1,3,4,1,1,2,1,33,3,2,2,3,1,2,1
504,855,4,24,2,1,7814,1,4,3,3,1,3,3,38,3,2,1,4,1,2,1
505,174,4,6,4,3,1740,1,5,2,4,1,2,1,30,3,1,2,3,1,1,1
506,503,4,12,4,3,1240,5,5,4,2,1,2,1,38,3,2,2,3,1,2,1
507,485,4,24,4,1,6842,5,3,2,3,1,4,2,46,3,2,2,4,2,2,1
508,536,4,24,4,2,5150,1,5,4,3,1,4,3,33,3,2,1,3,1,2,1
509,793,1,6,2,0,1203,2,5,3,3,1,2,2,43,3,2,1,3,1,2,1
510,904,4,6,4,0,2080,3,3,1,4,1,2,3,24,3,2,1,3,1,1,1
511,715,4,6,2,6,1538,1,2,1,2,1,2,4,56,3,2,1,3,1,1,1
512,91,2,24,4,0,3878,2,2,4,1,1,2,3,37,3,2,1,3,1,2,1
513,878,2,30,2,2,3832,1,2,2,4,1,1,2,22,3,2,1,3,1,1,1
514,118,4,15,2,0,3186,4,4,2,2,1,3,3,20,3,1,1,3,1,1,1
515,76,2,24,2,3,2896,2,2,2,3,1,1,3,29,3,2,1,3,1,1,1
516,651,2,24,3,9,6967,2,4,4,3,1,4,3,36,3,1,1,4,1,2,1
517,780,4,36,2,6,1819,1,3,4,3,1,4,4,37,2,3,1,3,1,2,1
518,488,4,24,2,3,5943,5,2,1,2,1,1,3,44,3,2,2,3,1,2,1
519,213,4,36,4,2,7127,1,2,2,2,1,4,2,23,3,1,2,3,1,2,1
520,682,4,36,2,2,3349,1,3,4,2,1,2,3,28,3,2,1,4,1,2,1
521,197,4,36,2,2,10974,1,1,4,2,1,2,3,26,3,2,2,4,1,2,1
523,110,4,18,2,3,1126,5,2,4,2,1,2,1,21,3,1,1,3,1,2,1
524,666,2,12,4,1,1860,1,1,4,3,1,2,3,34,3,2,2,4,1,2,1
525,840,4,36,4,3,9566,1,3,2,2,1,2,3,31,2,2,2,3,1,1,1
527,747,2,12,2,3,2930,1,4,2,2,1,1,1,27,3,2,1,3,1,1,1
528,858,4,18,2,3,1505,1,3,4,3,1,2,4,32,3,3,1,4,1,2,1
529,838,4,18,4,3,2238,1,3,2,2,1,1,3,25,3,2,2,3,1,1,1
530,974,4,4,4,3,1503,1,4,2,3,1,1,1,42,3,2,2,2,2,1,1
531,291,4,24,4,1,2197,5,4,4,3,1,4,3,43,3,2,2,3,2,2,1
532,852,3,12,2,3,1881,1,3,2,2,1,2,3,44,3,1,1,2,1,2,1
533,954,1,18,4,3,1880,1,4,4,4,1,1,2,32,3,2,2,4,1,2,1
534,183,1,18,2,3,2389,1,2,4,2,1,1,3,27,2,2,1,3,1,1,1
535,27,2,24,2,3,1967,1,5,4,2,1,4,3,20,3,2,1,3,1,2,1
536,395,4,4,4,0,3380,1,4,1,2,1,1,1,37,3,2,1,3,2,1,1
537,556,4,4,4,0,1455,1,4,2,3,1,1,1,42,3,2,3,2,2,1,1
539,829,2,18,0,2,3244,1,3,1,2,1,4,3,33,1,2,2,3,1,2,1
540,732,2,9,2,3,1670,1,2,4,2,1,2,3,22,3,2,1,3,1,2,1
541,684,2,48,2,3,3979,5,4,4,3,1,1,3,41,3,2,2,3,2,2,1
542,585,2,12,2,2,1922,1,3,4,3,1,2,2,37,3,2,1,2,1,1,1
543,48,2,18,4,2,1295,1,2,4,2,1,1,2,27,3,2,2,3,1,1,1
544,597,4,4,4,3,1544,1,4,2,3,1,1,1,42,3,2,3,2,2,1,1
546,270,2,30,2,3,1715,5,3,4,2,1,1,3,26,3,2,1,3,1,1,1
547,683,3,10,4,3,1347,5,4,4,3,1,2,2,27,3,2,2,3,1,2,1
548,926,2,12,2,0,1007,4,3,4,4,1,1,1,22,3,2,1,3,1,1,1
549,243,4,12,4,2,1402,3,4,3,2,1,4,3,37,3,1,1,3,1,2,1
550,909,2,12,2,0,2002,1,4,3,3,1,4,2,30,3,1,1,3,2,2,1
551,795,4,12,4,6,2096,1,4,2,3,1,3,1,49,3,2,1,2,2,1,1
552,423,4,12,2,0,1101,1,3,3,4,1,2,1,27,3,2,2,3,1,2,1
554,869,2,11,2,2,1577,4,2,4,2,1,1,1,20,3,2,1,3,1,1,1
555,369,4,33,3,9,2764,1,3,2,2,1,2,3,26,3,2,2,3,1,2,1
556,904,2,48,0,0,8358,3,2,1,2,1,1,3,30,3,2,2,3,1,1,1
557,235,3,12,2,2,1474,1,2,4,2,1,1,2,33,1,2,1,4,1,2,1
558,108,4,24,2,1,5433,5,1,2,2,1,4,2,26,3,1,1,4,1,2,1
559,510,2,14,2,9,1410,3,5,1,4,1,2,1,35,3,2,1,3,1,2,1
560,640,4,20,4,0,3485,5,2,2,1,1,4,1,44,3,2,2,3,1,2,1
561,860,4,18,4,1,3850,1,4,3,3,1,1,3,27,3,2,2,3,1,1,1
562,156,2,60,2,0,7408,2,2,4,2,1,2,2,24,3,2,1,4,1,1,1
563,409,3,24,2,3,1377,2,5,4,2,1,2,4,47,3,3,1,3,1,2,1
564,634,4,30,3,9,4272,2,3,2,3,1,2,2,26,3,2,2,2,1,1,1
565,127,2,24,3,3,1553,2,4,3,2,1,2,2,23,3,1,2,3,1,2,1
566,68,2,36,3,9,9857,2,4,1,3,1,3,2,31,3,2,2,2,2,2,1
568,193,4,12,4,2,1935,1,5,4,3,1,4,1,43,3,2,3,3,1,2,1
569,181,4,48,2,3,10222,5,4,4,3,1,3,3,37,2,2,1,3,1,2,1
570,2,3,12,2,0,1330,1,2,4,3,1,1,1,26,3,2,1,3,1,1,1
571,209,4,36,2,6,9055,5,3,2,3,1,4,4,35,3,3,1,2,2,2,1
572,999,2,26,2,1,7966,1,2,2,3,1,3,3,30,3,2,2,3,1,1,1
573,315,2,30,1,2,3496,4,3,4,3,1,2,3,34,2,2,1,3,2,2,1
574,820,2,36,2,1,6948,1,3,2,3,1,2,3,35,3,1,1,4,1,2,1
575,364,2,48,0,9,12204,5,3,2,3,1,2,3,48,1,2,1,4,1,2,1
576,288,1,36,2,2,3446,1,5,4,3,1,2,3,42,3,2,1,3,2,1,1
578,559,1,33,4,2,4281,3,3,1,2,1,4,3,23,3,2,2,3,1,1,1
579,113,1,42,2,3,7174,5,4,4,2,1,3,3,30,3,2,1,4,1,2,1
580,657,1,24,1,3,1546,1,4,4,3,3,4,3,24,1,1,1,2,1,1,1
581,514,1,24,2,2,2359,2,1,1,1,1,1,2,33,3,2,1,3,1,1,1
582,122,4,24,2,3,3621,2,5,2,3,1,4,3,31,3,2,2,3,1,1,1
584,345,1,12,2,2,7865,1,5,4,3,1,4,4,53,3,3,1,4,1,2,1
585,633,1,24,2,1,2910,1,4,2,3,1,1,4,34,3,3,1,4,1,2,1
586,201,1,18,4,0,5302,1,5,2,3,1,4,4,36,3,3,3,4,1,2,1
587,41,1,36,2,2,3620,1,3,1,3,3,2,2,37,3,2,1,3,2,1,1
588,447,1,18,2,3,3509,1,4,4,2,3,1,1,25,3,2,1,3,1,1,1
589,140,2,12,2,2,3017,1,2,3,2,1,1,1,34,3,1,1,4,1,1,1
590,349,1,12,2,2,1657,1,3,2,3,1,2,1,27,3,2,1,3,1,1,1
591,488,1,8,4,10,1164,1,5,3,3,1,4,4,51,1,3,2,4,2,2,1
592,100,1,36,4,2,6229,1,2,4,2,2,4,4,23,3,1,2,2,1,2,1
593,487,1,24,1,0,1193,1,1,1,2,2,4,4,29,3,1,2,1,1,1,1
594,28,1,30,0,2,4583,1,3,2,1,3,2,1,32,3,2,2,3,1,1,1
595,110,1,36,4,2,5371,1,3,3,3,3,2,2,28,3,2,2,3,1,1,1
598,907,1,30,2,3,2522,1,5,1,3,3,3,2,39,3,2,1,3,2,1,1
599,451,1,36,2,2,5179,1,4,4,3,1,2,2,29,3,2,1,3,1,1,1
600,505,1,36,2,1,8229,1,3,2,3,1,2,2,26,3,2,1,3,2,1,1
601,443,4,24,4,2,2028,1,4,2,3,1,2,2,30,3,2,2,2,1,1,1
602,144,1,6,2,0,1374,5,1,4,2,1,3,2,75,3,2,1,4,1,2,1
603,407,1,12,2,2,1289,1,3,4,3,3,1,2,21,3,2,1,2,1,1,1
604,13,1,36,2,2,2712,1,5,2,3,1,2,2,41,1,2,1,3,2,1,1
606,308,2,6,3,2,1050,1,1,4,3,1,1,2,35,2,2,2,4,1,2,2
608,637,1,48,2,1,4788,1,4,4,3,1,3,2,26,3,2,1,3,2,1,1
609,949,2,24,2,2,3069,2,5,4,3,1,4,4,30,3,3,1,3,1,1,1
611,806,1,12,2,2,2577,1,3,2,1,1,1,3,42,3,2,1,3,1,1,1
612,920,1,12,2,2,1620,1,3,2,2,2,3,2,30,3,2,1,3,1,1,1
613,467,1,15,2,2,1845,1,2,4,2,3,1,2,46,3,1,1,3,1,1,1
614,657,1,24,2,1,6579,1,1,4,3,1,2,4,29,3,3,1,4,1,2,1
615,791,1,12,2,0,1893,1,3,4,2,3,4,2,29,3,2,1,3,1,2,1
616,327,1,30,4,1,10623,1,5,3,3,1,4,4,38,3,3,3,4,2,2,1
617,455,1,18,2,0,2249,2,4,4,3,1,3,3,30,3,2,1,4,2,2,1
618,993,1,30,2,2,3108,1,2,2,1,1,4,2,31,3,2,1,2,1,1,1
620,552,4,24,2,1,9277,5,3,2,1,1,4,4,48,3,3,1,3,1,2,1
621,163,4,24,4,10,6314,1,1,4,3,2,2,4,27,1,2,2,4,1,2,1
622,538,1,12,4,1,1526,1,5,4,3,1,4,4,66,3,3,2,4,1,1,1
623,155,1,12,2,2,3590,1,3,2,3,2,2,2,29,3,2,1,2,2,1,1
624,391,1,24,4,1,6615,1,1,2,3,1,4,4,75,3,3,2,4,1,2,1
625,136,1,6,4,2,1872,1,1,4,3,1,4,4,36,3,3,3,4,1,2,1
626,18,4,12,2,0,2859,5,1,4,3,1,4,4,38,3,2,1,4,1,2,1
627,254,4,18,4,3,1582,4,5,4,3,1,4,3,46,3,2,2,3,1,1,1
628,78,4,6,2,8,1238,5,1,4,3,1,4,2,36,3,2,1,4,2,2,1
629,411,1,12,2,2,2578,1,1,3,2,1,4,4,55,3,3,1,4,1,1,1
630,610,1,15,4,2,1433,1,3,4,2,1,3,2,25,3,1,2,3,1,1,1
631,885,1,42,2,2,7882,1,4,2,3,3,4,2,45,3,3,1,3,2,1,1
632,22,1,24,2,2,4169,1,3,4,3,1,4,2,28,3,2,1,3,1,1,1
633,178,1,36,2,2,3959,1,1,4,3,1,3,2,30,3,2,1,4,1,2,1
634,385,1,36,2,0,3249,1,4,2,3,1,4,4,39,1,3,1,4,2,2,1
635,22,1,24,2,2,3149,1,2,4,3,1,1,4,22,1,3,1,3,1,1,1
636,860,1,12,4,2,2246,1,5,3,3,1,3,2,60,3,2,2,3,1,1,1
637,595,1,13,4,9,1797,1,2,3,3,1,1,2,28,1,2,2,2,1,1,1
638,933,1,20,4,2,4272,1,5,1,2,1,4,2,24,3,2,2,3,1,1,1
639,429,1,24,4,1,2957,1,5,4,3,1,4,2,63,3,2,2,3,1,2,1
640,792,1,36,4,2,2348,1,3,3,4,1,2,2,46,3,2,2,3,1,2,1
641,981,3,42,0,9,6289,1,2,2,1,1,1,2,33,3,2,2,3,1,1,1
642,945,1,24,4,1,6419,1,5,2,2,1,4,4,44,3,3,2,4,2,2,1
643,967,1,48,4,1,6143,1,5,4,2,1,4,4,58,2,3,2,2,1,1,1
644,24,4,24,4,6,1597,1,5,4,3,1,4,4,54,3,3,2,3,2,1,1
645,957,1,36,2,10,15857,1,1,2,1,2,3,3,43,3,2,1,4,1,1,1
646,985,4,24,4,3,2223,2,5,4,3,1,4,2,52,1,2,2,3,1,1,1
647,898,4,48,3,3,7238,5,5,3,3,1,3,3,32,1,2,2,3,2,1,1
648,987,2,30,3,9,2503,2,5,4,3,1,2,2,41,2,2,2,3,1,1,1
649,696,2,18,2,9,2622,2,3,4,3,1,4,3,34,3,2,1,3,1,1,1
650,950,2,24,2,2,4351,5,3,1,2,1,4,2,48,3,2,1,2,1,2,1
653,602,4,24,4,3,2424,5,5,4,3,1,4,2,53,3,2,2,3,1,1,1
654,759,2,48,3,9,6681,5,3,4,3,1,4,4,38,3,3,1,3,2,2,1
655,456,2,18,3,9,2427,5,5,4,3,1,2,2,42,3,2,2,3,1,1,1
656,992,2,24,4,3,1216,2,2,4,3,1,4,4,38,1,2,2,3,2,1,1
658,810,2,7,2,3,2576,1,3,2,3,3,2,1,35,3,2,1,3,1,1,2
660,854,2,8,2,3,1414,1,3,4,3,3,2,1,33,3,2,1,3,1,1,2
661,212,2,12,2,3,1103,1,4,4,3,3,3,1,29,3,2,2,3,1,1,1
663,131,2,6,2,3,1068,1,5,4,3,1,4,3,28,3,2,1,3,2,1,1
665,83,2,12,2,3,1092,1,3,4,2,3,4,1,49,3,2,2,3,1,2,1
666,657,2,7,2,3,2329,1,2,1,2,3,1,1,45,3,2,1,3,1,1,1
669,741,2,7,2,3,2415,1,3,3,3,3,2,1,34,3,2,1,3,1,1,1
670,712,2,13,2,3,2101,1,2,2,2,3,4,2,23,3,2,1,2,1,1,1
671,489,2,18,2,3,1301,1,5,4,4,3,2,1,32,3,2,1,2,1,1,1
672,694,2,18,2,3,1113,1,3,4,2,3,4,1,26,3,2,1,2,2,1,1
675,958,3,6,4,0,1323,2,5,2,1,1,4,3,28,3,2,2,3,2,2,1
676,839,1,9,4,3,1138,1,3,4,3,1,4,1,25,3,2,2,2,1,1,1
677,456,2,18,4,3,1795,1,5,3,2,3,4,1,48,1,1,2,2,1,2,1
678,604,2,15,4,3,2728,5,4,4,3,3,2,1,35,1,2,3,3,1,2,1
680,256,2,10,1,3,1048,1,3,4,3,1,4,1,23,2,2,1,2,1,1,1
681,299,2,12,2,3,1155,1,5,3,4,3,3,1,40,1,2,2,2,1,1,1
682,772,2,20,3,1,7057,5,4,3,3,1,4,2,36,1,1,2,4,2,2,1
683,432,2,15,4,3,1537,5,5,4,3,3,4,1,50,3,2,2,3,1,2,1
684,480,1,12,2,3,2214,1,3,4,3,1,3,2,24,3,2,1,2,1,1,1
685,381,4,24,4,2,1585,1,4,4,3,1,3,2,40,3,2,2,3,1,1,1
686,846,2,10,2,2,1521,1,3,4,1,1,2,3,31,3,2,1,2,1,1,1
687,596,2,36,1,4,3990,5,2,3,2,1,2,4,29,1,2,1,1,1,1,1
688,333,3,18,2,2,3049,1,2,1,2,1,1,2,45,2,2,1,2,1,1,1
689,946,1,24,2,3,1282,2,3,4,2,1,2,3,32,3,2,1,2,1,1,1
690,254,4,60,2,3,10144,2,4,2,2,1,4,1,21,3,2,1,3,1,2,1
691,746,1,12,2,0,1168,1,3,4,4,1,3,1,27,3,2,1,2,1,1,1
693,752,4,15,3,1,3594,1,2,1,2,1,2,2,46,3,2,2,2,1,1,1
694,706,4,12,2,2,1768,1,3,3,3,1,2,1,24,3,1,1,2,1,1,1
695,863,4,60,3,3,15653,1,4,2,3,1,4,3,21,3,2,2,3,1,2,1
696,535,3,12,3,0,2247,1,3,2,2,1,2,3,36,2,2,2,3,1,2,1
697,229,4,24,2,3,1413,1,3,4,4,1,2,2,28,3,2,1,3,1,1,1
698,601,2,45,4,1,4576,2,1,3,3,1,4,3,27,3,2,1,3,1,1,1
